"product_key","product_id","product_name","product_cost","product_line","category_id","category","sub_category","product_serial","product_start_date","product_end_date","maintenance"
"1","210","HL Road Frame - Black- 58",0,"Road","CO_RF","Components","Road Frames","FR-R92B-58","2003-07-01","","Yes"
"2","211","HL Road Frame - Red- 58",0,"Road","CO_RF","Components","Road Frames","FR-R92R-58","2003-07-01","","Yes"
"3","212","Sport-100 Helmet- Red",12,"other Sales","AC_HE","Accessories","Helmets","HL-U509-R","2011-07-01","2012-06-30","Yes"
"4","213","Sport-100 Helmet- Red",14,"other Sales","AC_HE","Accessories","Helmets","HL-U509-R","2012-07-01","2013-06-30","Yes"
"5","214","Sport-100 Helmet- Red",13,"other Sales","AC_HE","Accessories","Helmets","HL-U509-R","2013-07-01","","Yes"
"6","215","Sport-100 Helmet- Black",12,"other Sales","AC_HE","Accessories","Helmets","HL-U509","2011-07-01","2012-06-30","Yes"
"7","216","Sport-100 Helmet- Black",14,"other Sales","AC_HE","Accessories","Helmets","HL-U509","2012-07-01","2013-06-30","Yes"
"8","217","Sport-100 Helmet- Black",13,"other Sales","AC_HE","Accessories","Helmets","HL-U509","2013-07-01","","Yes"
"9","218","Mountain Bike Socks- M",3,"Mountain","CL_SO","Clothing","Socks","SO-B909-M","2011-07-01","","No"
"10","219","Mountain Bike Socks- L",3,"Mountain","CL_SO","Clothing","Socks","SO-B909-L","2011-07-01","","No"
"11","220","Sport-100 Helmet- Blue",12,"other Sales","AC_HE","Accessories","Helmets","HL-U509-B","2011-07-01","2012-06-30","Yes"
"12","221","Sport-100 Helmet- Blue",14,"other Sales","AC_HE","Accessories","Helmets","HL-U509-B","2012-07-01","2013-06-30","Yes"
"13","222","Sport-100 Helmet- Blue",13,"other Sales","AC_HE","Accessories","Helmets","HL-U509-B","2013-07-01","","Yes"
"14","223","AWC Logo Cap",6,"other Sales","CL_CA","Clothing","Caps","CA-1098","2011-07-01","2012-06-30","No"
"15","224","AWC Logo Cap",5,"other Sales","CL_CA","Clothing","Caps","CA-1098","2012-07-01","2013-06-30","No"
"16","225","AWC Logo Cap",7,"other Sales","CL_CA","Clothing","Caps","CA-1098","2013-07-01","","No"
"17","226","Long-Sleeve Logo Jersey- S",32,"other Sales","CL_JE","Clothing","Jerseys","LJ-0192-S","2011-07-01","2012-06-30","No"
"18","227","Long-Sleeve Logo Jersey- S",29,"other Sales","CL_JE","Clothing","Jerseys","LJ-0192-S","2012-07-01","2013-06-30","No"
"19","228","Long-Sleeve Logo Jersey- S",38,"other Sales","CL_JE","Clothing","Jerseys","LJ-0192-S","2013-07-01","","No"
"20","229","Long-Sleeve Logo Jersey- M",32,"other Sales","CL_JE","Clothing","Jerseys","LJ-0192-M","2011-07-01","2012-06-30","No"
"21","230","Long-Sleeve Logo Jersey- M",29,"other Sales","CL_JE","Clothing","Jerseys","LJ-0192-M","2012-07-01","2013-06-30","No"
"22","231","Long-Sleeve Logo Jersey- M",38,"other Sales","CL_JE","Clothing","Jerseys","LJ-0192-M","2013-07-01","","No"
"23","232","Long-Sleeve Logo Jersey- L",32,"other Sales","CL_JE","Clothing","Jerseys","LJ-0192-L","2011-07-01","2012-06-30","No"
"24","233","Long-Sleeve Logo Jersey- L",29,"other Sales","CL_JE","Clothing","Jerseys","LJ-0192-L","2012-07-01","2013-06-30","No"
"25","234","Long-Sleeve Logo Jersey- L",38,"other Sales","CL_JE","Clothing","Jerseys","LJ-0192-L","2013-07-01","","No"
"26","235","Long-Sleeve Logo Jersey- XL",32,"other Sales","CL_JE","Clothing","Jerseys","LJ-0192-X","2011-07-01","2012-06-30","No"
"27","236","Long-Sleeve Logo Jersey- XL",29,"other Sales","CL_JE","Clothing","Jerseys","LJ-0192-X","2012-07-01","2013-06-30","No"
"28","237","Long-Sleeve Logo Jersey- XL",38,"other Sales","CL_JE","Clothing","Jerseys","LJ-0192-X","2013-07-01","","No"
"29","238","HL Road Frame - Red- 62",748,"Road","CO_RF","Components","Road Frames","FR-R92R-62","2011-07-01","2012-06-30","Yes"
"30","239","HL Road Frame - Red- 62",722,"Road","CO_RF","Components","Road Frames","FR-R92R-62","2012-07-01","2013-06-30","Yes"
"31","240","HL Road Frame - Red- 62",869,"Road","CO_RF","Components","Road Frames","FR-R92R-62","2013-07-01","","Yes"
"32","241","HL Road Frame - Red- 44",748,"Road","CO_RF","Components","Road Frames","FR-R92R-44","2011-07-01","2012-06-30","Yes"
"33","242","HL Road Frame - Red- 44",722,"Road","CO_RF","Components","Road Frames","FR-R92R-44","2012-07-01","2013-06-30","Yes"
"34","243","HL Road Frame - Red- 44",869,"Road","CO_RF","Components","Road Frames","FR-R92R-44","2013-07-01","","Yes"
"35","244","HL Road Frame - Red- 48",748,"Road","CO_RF","Components","Road Frames","FR-R92R-48","2011-07-01","2012-06-30","Yes"
"36","245","HL Road Frame - Red- 48",722,"Road","CO_RF","Components","Road Frames","FR-R92R-48","2012-07-01","2013-06-30","Yes"
"37","246","HL Road Frame - Red- 48",869,"Road","CO_RF","Components","Road Frames","FR-R92R-48","2013-07-01","","Yes"
"38","247","HL Road Frame - Red- 52",748,"Road","CO_RF","Components","Road Frames","FR-R92R-52","2011-07-01","2012-06-30","Yes"
"39","248","HL Road Frame - Red- 52",722,"Road","CO_RF","Components","Road Frames","FR-R92R-52","2012-07-01","2013-06-30","Yes"
"40","249","HL Road Frame - Red- 52",869,"Road","CO_RF","Components","Road Frames","FR-R92R-52","2013-07-01","","Yes"
"41","250","HL Road Frame - Red- 56",748,"Road","CO_RF","Components","Road Frames","FR-R92R-56","2011-07-01","2012-06-30","Yes"
"42","251","HL Road Frame - Red- 56",722,"Road","CO_RF","Components","Road Frames","FR-R92R-56","2012-07-01","2013-06-30","Yes"
"43","252","HL Road Frame - Red- 56",869,"Road","CO_RF","Components","Road Frames","FR-R92R-56","2013-07-01","","Yes"
"44","253","LL Road Frame - Black- 58",176,"Road","CO_RF","Components","Road Frames","FR-R38B-58","2011-07-01","2012-06-30","Yes"
"45","254","LL Road Frame - Black- 58",170,"Road","CO_RF","Components","Road Frames","FR-R38B-58","2012-07-01","2013-06-30","Yes"
"46","255","LL Road Frame - Black- 58",205,"Road","CO_RF","Components","Road Frames","FR-R38B-58","2013-07-01","","Yes"
"47","256","LL Road Frame - Black- 60",176,"Road","CO_RF","Components","Road Frames","FR-R38B-60","2011-07-01","2012-06-30","Yes"
"48","257","LL Road Frame - Black- 60",170,"Road","CO_RF","Components","Road Frames","FR-R38B-60","2012-07-01","2013-06-30","Yes"
"49","258","LL Road Frame - Black- 60",205,"Road","CO_RF","Components","Road Frames","FR-R38B-60","2013-07-01","","Yes"
"50","259","LL Road Frame - Black- 62",176,"Road","CO_RF","Components","Road Frames","FR-R38B-62","2011-07-01","2012-06-30","Yes"
"51","260","LL Road Frame - Black- 62",170,"Road","CO_RF","Components","Road Frames","FR-R38B-62","2012-07-01","2013-06-30","Yes"
"52","261","LL Road Frame - Black- 62",205,"Road","CO_RF","Components","Road Frames","FR-R38B-62","2013-07-01","","Yes"
"53","262","LL Road Frame - Red- 44",181,"Road","CO_RF","Components","Road Frames","FR-R38R-44","2011-07-01","2012-06-30","Yes"
"54","263","LL Road Frame - Red- 44",187,"Road","CO_RF","Components","Road Frames","FR-R38R-44","2012-07-01","","Yes"
"55","264","LL Road Frame - Red- 48",181,"Road","CO_RF","Components","Road Frames","FR-R38R-48","2011-07-01","2012-06-30","Yes"
"56","265","LL Road Frame - Red- 48",187,"Road","CO_RF","Components","Road Frames","FR-R38R-48","2012-07-01","","Yes"
"57","266","LL Road Frame - Red- 52",181,"Road","CO_RF","Components","Road Frames","FR-R38R-52","2011-07-01","2012-06-30","Yes"
"58","267","LL Road Frame - Red- 52",187,"Road","CO_RF","Components","Road Frames","FR-R38R-52","2012-07-01","","Yes"
"59","268","LL Road Frame - Red- 58",181,"Road","CO_RF","Components","Road Frames","FR-R38R-58","2011-07-01","2012-06-30","Yes"
"60","269","LL Road Frame - Red- 58",187,"Road","CO_RF","Components","Road Frames","FR-R38R-58","2012-07-01","","Yes"
"61","270","LL Road Frame - Red- 60",181,"Road","CO_RF","Components","Road Frames","FR-R38R-60","2011-07-01","2012-06-30","Yes"
"62","271","LL Road Frame - Red- 60",187,"Road","CO_RF","Components","Road Frames","FR-R38R-60","2012-07-01","","Yes"
"63","272","LL Road Frame - Red- 62",181,"Road","CO_RF","Components","Road Frames","FR-R38R-62","2011-07-01","2012-06-30","Yes"
"64","273","LL Road Frame - Red- 62",187,"Road","CO_RF","Components","Road Frames","FR-R38R-62","2012-07-01","","Yes"
"65","274","ML Road Frame - Red- 44",352,"Road","CO_RF","Components","Road Frames","FR-R72R-44","2011-07-01","","Yes"
"66","275","ML Road Frame - Red- 48",352,"Road","CO_RF","Components","Road Frames","FR-R72R-48","2011-07-01","","Yes"
"67","276","ML Road Frame - Red- 52",352,"Road","CO_RF","Components","Road Frames","FR-R72R-52","2011-07-01","","Yes"
"68","277","ML Road Frame - Red- 58",352,"Road","CO_RF","Components","Road Frames","FR-R72R-58","2011-07-01","","Yes"
"69","278","ML Road Frame - Red- 60",352,"Road","CO_RF","Components","Road Frames","FR-R72R-60","2011-07-01","","Yes"
"70","279","LL Road Frame - Black- 44",176,"Road","CO_RF","Components","Road Frames","FR-R38B-44","2011-07-01","2012-06-30","Yes"
"71","280","LL Road Frame - Black- 44",170,"Road","CO_RF","Components","Road Frames","FR-R38B-44","2012-07-01","2013-06-30","Yes"
"72","281","LL Road Frame - Black- 44",205,"Road","CO_RF","Components","Road Frames","FR-R38B-44","2013-07-01","","Yes"
"73","282","LL Road Frame - Black- 48",176,"Road","CO_RF","Components","Road Frames","FR-R38B-48","2011-07-01","2012-06-30","Yes"
"74","283","LL Road Frame - Black- 48",170,"Road","CO_RF","Components","Road Frames","FR-R38B-48","2012-07-01","2013-06-30","Yes"
"75","284","LL Road Frame - Black- 48",205,"Road","CO_RF","Components","Road Frames","FR-R38B-48","2013-07-01","","Yes"
"76","285","LL Road Frame - Black- 52",176,"Road","CO_RF","Components","Road Frames","FR-R38B-52","2011-07-01","2012-06-30","Yes"
"77","286","LL Road Frame - Black- 52",170,"Road","CO_RF","Components","Road Frames","FR-R38B-52","2012-07-01","2013-06-30","Yes"
"78","287","LL Road Frame - Black- 52",205,"Road","CO_RF","Components","Road Frames","FR-R38B-52","2013-07-01","","Yes"
"79","288","HL Mountain Frame - Silver- 42",624,"Mountain","CO_MF","Components","Mountain Frames","FR-M94S-42","2011-07-01","2012-06-30","Yes"
"80","289","HL Mountain Frame - Silver- 42",661,"Mountain","CO_MF","Components","Mountain Frames","FR-M94S-42","2012-07-01","2013-06-30","Yes"
"81","290","HL Mountain Frame - Silver- 42",747,"Mountain","CO_MF","Components","Mountain Frames","FR-M94S-42","2013-07-01","","Yes"
"82","291","HL Mountain Frame - Silver- 44",707,"Mountain","CO_MF","Components","Mountain Frames","FR-M94S-44","2011-07-01","","Yes"
"83","292","HL Mountain Frame - Silver- 48",707,"Mountain","CO_MF","Components","Mountain Frames","FR-M94S-52","2011-07-01","","Yes"
"84","293","HL Mountain Frame - Silver- 46",624,"Mountain","CO_MF","Components","Mountain Frames","FR-M94S-46","2011-07-01","2012-06-30","Yes"
"85","294","HL Mountain Frame - Silver- 46",661,"Mountain","CO_MF","Components","Mountain Frames","FR-M94S-46","2012-07-01","2013-06-30","Yes"
"86","295","HL Mountain Frame - Silver- 46",747,"Mountain","CO_MF","Components","Mountain Frames","FR-M94S-46","2013-07-01","","Yes"
"87","296","HL Mountain Frame - Black- 42",617,"Mountain","CO_MF","Components","Mountain Frames","FR-M94B-42","2011-07-01","2012-06-30","Yes"
"88","297","HL Mountain Frame - Black- 42",654,"Mountain","CO_MF","Components","Mountain Frames","FR-M94B-42","2012-07-01","2013-06-30","Yes"
"89","298","HL Mountain Frame - Black- 42",739,"Mountain","CO_MF","Components","Mountain Frames","FR-M94B-42","2013-07-01","","Yes"
"90","299","HL Mountain Frame - Black- 44",699,"Mountain","CO_MF","Components","Mountain Frames","FR-M94B-44","2011-07-01","","Yes"
"91","300","HL Mountain Frame - Black- 48",699,"Mountain","CO_MF","Components","Mountain Frames","FR-M94B-48","2011-07-01","","Yes"
"92","301","HL Mountain Frame - Black- 46",617,"Mountain","CO_MF","Components","Mountain Frames","FR-M94B-46","2011-07-01","2012-06-30","Yes"
"93","302","HL Mountain Frame - Black- 46",654,"Mountain","CO_MF","Components","Mountain Frames","FR-M94B-46","2012-07-01","2013-06-30","Yes"
"94","303","HL Mountain Frame - Black- 46",739,"Mountain","CO_MF","Components","Mountain Frames","FR-M94B-46","2013-07-01","","Yes"
"95","304","HL Mountain Frame - Black- 38",617,"Mountain","CO_MF","Components","Mountain Frames","FR-M94B-38","2011-07-01","2012-06-30","Yes"
"96","305","HL Mountain Frame - Black- 38",654,"Mountain","CO_MF","Components","Mountain Frames","FR-M94B-38","2012-07-01","2013-06-30","Yes"
"97","306","HL Mountain Frame - Black- 38",739,"Mountain","CO_MF","Components","Mountain Frames","FR-M94B-38","2013-07-01","","Yes"
"98","307","HL Mountain Frame - Silver- 38",624,"Mountain","CO_MF","Components","Mountain Frames","FR-M94S-38","2011-07-01","2012-06-30","Yes"
"99","308","HL Mountain Frame - Silver- 38",661,"Mountain","CO_MF","Components","Mountain Frames","FR-M94S-38","2012-07-01","2013-06-30","Yes"
"100","309","HL Mountain Frame - Silver- 38",747,"Mountain","CO_MF","Components","Mountain Frames","FR-M94S-38","2013-07-01","","Yes"
"101","310","Road-150 Red- 62",2171,"Road","BI_RB","Bikes","Road Bikes","BK-R93R-62","2011-07-01","","Yes"
"102","311","Road-150 Red- 44",2171,"Road","BI_RB","Bikes","Road Bikes","BK-R93R-44","2011-07-01","","Yes"
"103","312","Road-150 Red- 48",2171,"Road","BI_RB","Bikes","Road Bikes","BK-R93R-48","2011-07-01","","Yes"
"104","313","Road-150 Red- 52",2171,"Road","BI_RB","Bikes","Road Bikes","BK-R93R-52","2011-07-01","","Yes"
"105","314","Road-150 Red- 56",2171,"Road","BI_RB","Bikes","Road Bikes","BK-R93R-56","2011-07-01","","Yes"
"106","315","Road-450 Red- 58",885,"Road","BI_RB","Bikes","Road Bikes","BK-R68R-58","2011-07-01","","Yes"
"107","316","Road-450 Red- 60",885,"Road","BI_RB","Bikes","Road Bikes","BK-R68R-60","2011-07-01","","Yes"
"108","317","Road-450 Red- 44",885,"Road","BI_RB","Bikes","Road Bikes","BK-R68R-44","2011-07-01","","Yes"
"109","318","Road-450 Red- 48",885,"Road","BI_RB","Bikes","Road Bikes","BK-R68R-48","2011-07-01","","Yes"
"110","319","Road-450 Red- 52",885,"Road","BI_RB","Bikes","Road Bikes","BK-R68R-52","2011-07-01","","Yes"
"111","320","Road-650 Red- 58",413,"Road","BI_RB","Bikes","Road Bikes","BK-R50R-58","2011-07-01","2012-06-30","Yes"
"112","321","Road-650 Red- 58",487,"Road","BI_RB","Bikes","Road Bikes","BK-R50R-58","2012-07-01","","Yes"
"113","322","Road-650 Red- 60",413,"Road","BI_RB","Bikes","Road Bikes","BK-R50R-60","2011-07-01","2012-06-30","Yes"
"114","323","Road-650 Red- 60",487,"Road","BI_RB","Bikes","Road Bikes","BK-R50R-60","2012-07-01","","Yes"
"115","324","Road-650 Red- 62",413,"Road","BI_RB","Bikes","Road Bikes","BK-R50R-62","2011-07-01","2012-06-30","Yes"
"116","325","Road-650 Red- 62",487,"Road","BI_RB","Bikes","Road Bikes","BK-R50R-62","2012-07-01","","Yes"
"117","326","Road-650 Red- 44",413,"Road","BI_RB","Bikes","Road Bikes","BK-R50R-44","2011-07-01","2012-06-30","Yes"
"118","327","Road-650 Red- 44",487,"Road","BI_RB","Bikes","Road Bikes","BK-R50R-44","2012-07-01","","Yes"
"119","328","Road-650 Red- 48",413,"Road","BI_RB","Bikes","Road Bikes","BK-R50R-48","2011-07-01","2012-06-30","Yes"
"120","329","Road-650 Red- 48",487,"Road","BI_RB","Bikes","Road Bikes","BK-R50R-48","2012-07-01","","Yes"
"121","330","Road-650 Red- 52",413,"Road","BI_RB","Bikes","Road Bikes","BK-R50R-52","2011-07-01","2012-06-30","Yes"
"122","331","Road-650 Red- 52",487,"Road","BI_RB","Bikes","Road Bikes","BK-R50R-52","2012-07-01","","Yes"
"123","332","Road-650 Black- 58",413,"Road","BI_RB","Bikes","Road Bikes","BK-R50B-58","2011-07-01","2012-06-30","Yes"
"124","333","Road-650 Black- 58",487,"Road","BI_RB","Bikes","Road Bikes","BK-R50B-58","2012-07-01","","Yes"
"125","334","Road-650 Black- 60",413,"Road","BI_RB","Bikes","Road Bikes","BK-R50B-60","2011-07-01","2012-06-30","Yes"
"126","335","Road-650 Black- 60",487,"Road","BI_RB","Bikes","Road Bikes","BK-R50B-60","2012-07-01","","Yes"
"127","336","Road-650 Black- 62",413,"Road","BI_RB","Bikes","Road Bikes","BK-R50B-62","2011-07-01","2012-06-30","Yes"
"128","337","Road-650 Black- 62",487,"Road","BI_RB","Bikes","Road Bikes","BK-R50B-62","2012-07-01","","Yes"
"129","338","Road-650 Black- 44",413,"Road","BI_RB","Bikes","Road Bikes","BK-R50B-44","2011-07-01","2012-06-30","Yes"
"130","339","Road-650 Black- 44",487,"Road","BI_RB","Bikes","Road Bikes","BK-R50B-44","2012-07-01","","Yes"
"131","340","Road-650 Black- 48",413,"Road","BI_RB","Bikes","Road Bikes","BK-R50B-48","2011-07-01","2012-06-30","Yes"
"132","341","Road-650 Black- 48",487,"Road","BI_RB","Bikes","Road Bikes","BK-R50B-48","2012-07-01","","Yes"
"133","342","Road-650 Black- 52",413,"Road","BI_RB","Bikes","Road Bikes","BK-R50B-52","2011-07-01","2012-06-30","Yes"
"134","343","Road-650 Black- 52",487,"Road","BI_RB","Bikes","Road Bikes","BK-R50B-52","2012-07-01","","Yes"
"135","344","Mountain-100 Silver- 38",1912,"Mountain","BI_MB","Bikes","Mountain Bikes","BK-M82S-38","2011-07-01","","Yes"
"136","345","Mountain-100 Silver- 42",1912,"Mountain","BI_MB","Bikes","Mountain Bikes","BK-M82S-42","2011-07-01","","Yes"
"137","346","Mountain-100 Silver- 44",1912,"Mountain","BI_MB","Bikes","Mountain Bikes","BK-M82S-44","2011-07-01","","Yes"
"138","347","Mountain-100 Silver- 48",1912,"Mountain","BI_MB","Bikes","Mountain Bikes","BK-M82S-48","2011-07-01","","Yes"
"139","348","Mountain-100 Black- 38",1898,"Mountain","BI_MB","Bikes","Mountain Bikes","BK-M82B-38","2011-07-01","","Yes"
"140","349","Mountain-100 Black- 42",1898,"Mountain","BI_MB","Bikes","Mountain Bikes","BK-M82B-42","2011-07-01","","Yes"
"141","350","Mountain-100 Black- 44",1898,"Mountain","BI_MB","Bikes","Mountain Bikes","BK-M82B-44","2011-07-01","","Yes"
"142","351","Mountain-100 Black- 48",1898,"Mountain","BI_MB","Bikes","Mountain Bikes","BK-M82B-48","2011-07-01","","Yes"
"143","352","Mountain-200 Silver- 38",1118,"Mountain","BI_MB","Bikes","Mountain Bikes","BK-M68S-38","2012-07-01","2013-06-30","Yes"
"144","353","Mountain-200 Silver- 38",1266,"Mountain","BI_MB","Bikes","Mountain Bikes","BK-M68S-38","2013-07-01","","Yes"
"145","354","Mountain-200 Silver- 42",1118,"Mountain","BI_MB","Bikes","Mountain Bikes","BK-M68S-42","2012-07-01","2013-06-30","Yes"
"146","355","Mountain-200 Silver- 42",1266,"Mountain","BI_MB","Bikes","Mountain Bikes","BK-M68S-42","2013-07-01","","Yes"
"147","356","Mountain-200 Silver- 46",1118,"Mountain","BI_MB","Bikes","Mountain Bikes","BK-M68S-46","2012-07-01","2013-06-30","Yes"
"148","357","Mountain-200 Silver- 46",1266,"Mountain","BI_MB","Bikes","Mountain Bikes","BK-M68S-46","2013-07-01","","Yes"
"149","358","Mountain-200 Black- 38",1106,"Mountain","BI_MB","Bikes","Mountain Bikes","BK-M68B-38","2012-07-01","2013-06-30","Yes"
"150","359","Mountain-200 Black- 38",1252,"Mountain","BI_MB","Bikes","Mountain Bikes","BK-M68B-38","2013-07-01","","Yes"
"151","360","Mountain-200 Black- 42",1106,"Mountain","BI_MB","Bikes","Mountain Bikes","BK-M68B-42","2012-07-01","2013-06-30","Yes"
"152","361","Mountain-200 Black- 42",1252,"Mountain","BI_MB","Bikes","Mountain Bikes","BK-M68B-42","2013-07-01","","Yes"
"153","362","Mountain-200 Black- 46",1106,"Mountain","BI_MB","Bikes","Mountain Bikes","BK-M68B-46","2012-07-01","2013-06-30","Yes"
"154","363","Mountain-200 Black- 46",1252,"Mountain","BI_MB","Bikes","Mountain Bikes","BK-M68B-46","2013-07-01","","Yes"
"155","364","Mountain-300 Black- 38",598,"Mountain","BI_MB","Bikes","Mountain Bikes","BK-M47B-38","2012-07-01","","Yes"
"156","365","Mountain-300 Black- 40",598,"Mountain","BI_MB","Bikes","Mountain Bikes","BK-M47B-40","2012-07-01","","Yes"
"157","366","Mountain-300 Black- 44",598,"Mountain","BI_MB","Bikes","Mountain Bikes","BK-M47B-44","2012-07-01","","Yes"
"158","367","Mountain-300 Black- 48",598,"Mountain","BI_MB","Bikes","Mountain Bikes","BK-M47B-48","2012-07-01","","Yes"
"159","368","Road-250 Red- 44",1519,"Road","BI_RB","Bikes","Road Bikes","BK-R89R-44","2012-07-01","","Yes"
"160","369","Road-250 Red- 48",1519,"Road","BI_RB","Bikes","Road Bikes","BK-R89R-48","2012-07-01","","Yes"
"161","370","Road-250 Red- 52",1519,"Road","BI_RB","Bikes","Road Bikes","BK-R89R-52","2012-07-01","","Yes"
"162","371","Road-250 Red- 58",1321,"Road","BI_RB","Bikes","Road Bikes","BK-R89R-58","2012-07-01","2013-06-30","Yes"
"163","372","Road-250 Red- 58",1555,"Road","BI_RB","Bikes","Road Bikes","BK-R89R-58","2013-07-01","","Yes"
"164","373","Road-250 Black- 44",1321,"Road","BI_RB","Bikes","Road Bikes","BK-R89B-44","2012-07-01","2013-06-30","Yes"
"165","374","Road-250 Black- 44",1555,"Road","BI_RB","Bikes","Road Bikes","BK-R89B-44","2013-07-01","","Yes"
"166","375","Road-250 Black- 48",1321,"Road","BI_RB","Bikes","Road Bikes","BK-R89B-48","2012-07-01","2013-06-30","Yes"
"167","376","Road-250 Black- 48",1555,"Road","BI_RB","Bikes","Road Bikes","BK-R89B-48","2013-07-01","","Yes"
"168","377","Road-250 Black- 52",1321,"Road","BI_RB","Bikes","Road Bikes","BK-R89B-52","2012-07-01","2013-06-30","Yes"
"169","378","Road-250 Black- 52",1555,"Road","BI_RB","Bikes","Road Bikes","BK-R89B-52","2013-07-01","","Yes"
"170","379","Road-250 Black- 58",1321,"Road","BI_RB","Bikes","Road Bikes","BK-R89B-58","2012-07-01","2013-06-30","Yes"
"171","380","Road-250 Black- 58",1555,"Road","BI_RB","Bikes","Road Bikes","BK-R89B-58","2013-07-01","","Yes"
"172","381","Road-550-W Yellow- 38",606,"Road","BI_RB","Bikes","Road Bikes","BK-R64Y-38","2012-07-01","2013-06-30","Yes"
"173","382","Road-550-W Yellow- 38",713,"Road","BI_RB","Bikes","Road Bikes","BK-R64Y-38","2013-07-01","","Yes"
"174","383","Road-550-W Yellow- 40",606,"Road","BI_RB","Bikes","Road Bikes","BK-R64Y-40","2012-07-01","2013-06-30","Yes"
"175","384","Road-550-W Yellow- 40",713,"Road","BI_RB","Bikes","Road Bikes","BK-R64Y-40","2013-07-01","","Yes"
"176","385","Road-550-W Yellow- 42",606,"Road","BI_RB","Bikes","Road Bikes","BK-R64Y-42","2012-07-01","2013-06-30","Yes"
"177","386","Road-550-W Yellow- 42",713,"Road","BI_RB","Bikes","Road Bikes","BK-R64Y-42","2013-07-01","","Yes"
"178","387","Road-550-W Yellow- 44",606,"Road","BI_RB","Bikes","Road Bikes","BK-R64Y-44","2012-07-01","2013-06-30","Yes"
"179","388","Road-550-W Yellow- 44",713,"Road","BI_RB","Bikes","Road Bikes","BK-R64Y-44","2013-07-01","","Yes"
"180","389","Road-550-W Yellow- 48",606,"Road","BI_RB","Bikes","Road Bikes","BK-R64Y-48","2012-07-01","2013-06-30","Yes"
"181","390","Road-550-W Yellow- 48",713,"Road","BI_RB","Bikes","Road Bikes","BK-R64Y-48","2013-07-01","","Yes"
"182","391","LL Fork",66,"Unkown","CO_FO","Components","Forks","FK-1639","2012-07-01","","Yes"
"183","392","ML Fork",78,"Unkown","CO_FO","Components","Forks","FK-5136","2012-07-01","","Yes"
"184","393","HL Fork",102,"Unkown","CO_FO","Components","Forks","FK-9939","2012-07-01","","Yes"
"185","394","LL Headset",15,"Unkown","CO_HS","Components","Headsets","HS-0296","2012-07-01","","No"
"186","395","ML Headset",45,"Unkown","CO_HS","Components","Headsets","HS-2451","2012-07-01","","No"
"187","396","HL Headset",55,"Unkown","CO_HS","Components","Headsets","HS-3479","2012-07-01","","No"
"188","397","LL Mountain Handlebars",18,"Mountain","CO_HB","Components","Handlebars","HB-M243","2012-07-01","2013-06-30","No"
"189","398","LL Mountain Handlebars",20,"Mountain","CO_HB","Components","Handlebars","HB-M243","2013-07-01","","No"
"190","399","ML Mountain Handlebars",25,"Mountain","CO_HB","Components","Handlebars","HB-M763","2012-07-01","2013-06-30","No"
"191","400","ML Mountain Handlebars",27,"Mountain","CO_HB","Components","Handlebars","HB-M763","2013-07-01","","No"
"192","401","HL Mountain Handlebars",49,"Mountain","CO_HB","Components","Handlebars","HB-M918","2012-07-01","2013-06-30","No"
"193","402","HL Mountain Handlebars",53,"Mountain","CO_HB","Components","Handlebars","HB-M918","2013-07-01","","No"
"194","403","LL Road Handlebars",18,"Road","CO_HB","Components","Handlebars","HB-R504","2012-07-01","2013-06-30","No"
"195","404","LL Road Handlebars",20,"Road","CO_HB","Components","Handlebars","HB-R504","2013-07-01","","No"
"196","405","ML Road Handlebars",25,"Road","CO_HB","Components","Handlebars","HB-R720","2012-07-01","2013-06-30","No"
"197","406","ML Road Handlebars",27,"Road","CO_HB","Components","Handlebars","HB-R720","2013-07-01","","No"
"198","407","HL Road Handlebars",49,"Road","CO_HB","Components","Handlebars","HB-R956","2012-07-01","2013-06-30","No"
"199","408","HL Road Handlebars",53,"Road","CO_HB","Components","Handlebars","HB-R956","2013-07-01","","No"
"200","409","ML Mountain Frame - Black- 38",186,"Mountain","CO_MF","Components","Mountain Frames","FR-M63B-38","2012-07-01","","Yes"
"201","410","LL Mountain Front Wheel",27,"Mountain","CO_WH","Components","Wheels","FW-M423","2012-07-01","","Yes"
"202","411","ML Mountain Front Wheel",93,"Mountain","CO_WH","Components","Wheels","FW-M762","2012-07-01","","Yes"
"203","412","HL Mountain Front Wheel",133,"Mountain","CO_WH","Components","Wheels","FW-M928","2012-07-01","","Yes"
"204","413","LL Road Front Wheel",38,"Road","CO_WH","Components","Wheels","FW-R623","2012-07-01","","Yes"
"205","414","ML Road Front Wheel",110,"Road","CO_WH","Components","Wheels","FW-R762","2012-07-01","","Yes"
"206","415","HL Road Front Wheel",147,"Road","CO_WH","Components","Wheels","FW-R820","2012-07-01","","Yes"
"207","416","Touring Front Wheel",97,"Touring","CO_WH","Components","Wheels","FW-T905","2012-07-01","","Yes"
"208","417","ML Road Frame-W - Yellow- 38",300,"Road","CO_RF","Components","Road Frames","FR-R72Y-38","2012-07-01","2013-06-30","Yes"
"209","418","ML Road Frame-W - Yellow- 38",361,"Road","CO_RF","Components","Road Frames","FR-R72Y-38","2013-07-01","","Yes"
"210","419","LL Mountain Rear Wheel",39,"Mountain","CO_WH","Components","Wheels","RW-M423","2012-07-01","","Yes"
"211","420","ML Mountain Rear Wheel",105,"Mountain","CO_WH","Components","Wheels","RW-M762","2012-07-01","","Yes"
"212","421","HL Mountain Rear Wheel",145,"Mountain","CO_WH","Components","Wheels","RW-M928","2012-07-01","","Yes"
"213","422","LL Road Rear Wheel",50,"Road","CO_WH","Components","Wheels","RW-R623","2012-07-01","","Yes"
"214","423","ML Road Rear Wheel",122,"Road","CO_WH","Components","Wheels","RW-R762","2012-07-01","","Yes"
"215","424","HL Road Rear Wheel",159,"Road","CO_WH","Components","Wheels","RW-R820","2012-07-01","","Yes"
"216","425","Touring Rear Wheel",109,"Touring","CO_WH","Components","Wheels","RW-T905","2012-07-01","","Yes"
"217","426","ML Mountain Frame - Black- 40",186,"Mountain","CO_MF","Components","Mountain Frames","FR-M63B-40","2012-07-01","","Yes"
"218","427","ML Mountain Frame - Black- 44",186,"Mountain","CO_MF","Components","Mountain Frames","FR-M63B-44","2012-07-01","","Yes"
"219","428","ML Mountain Frame - Black- 48",186,"Mountain","CO_MF","Components","Mountain Frames","FR-M63B-48","2012-07-01","","Yes"
"220","429","ML Road Frame-W - Yellow- 40",300,"Road","CO_RF","Components","Road Frames","FR-R72Y-40","2012-07-01","2013-06-30","Yes"
"221","430","ML Road Frame-W - Yellow- 40",361,"Road","CO_RF","Components","Road Frames","FR-R72Y-40","2013-07-01","","Yes"
"222","431","ML Road Frame-W - Yellow- 42",300,"Road","CO_RF","Components","Road Frames","FR-R72Y-42","2012-07-01","2013-06-30","Yes"
"223","432","ML Road Frame-W - Yellow- 42",361,"Road","CO_RF","Components","Road Frames","FR-R72Y-42","2013-07-01","","Yes"
"224","433","ML Road Frame-W - Yellow- 44",300,"Road","CO_RF","Components","Road Frames","FR-R72Y-44","2012-07-01","2013-06-30","Yes"
"225","434","ML Road Frame-W - Yellow- 44",361,"Road","CO_RF","Components","Road Frames","FR-R72Y-44","2013-07-01","","Yes"
"226","435","ML Road Frame-W - Yellow- 48",300,"Road","CO_RF","Components","Road Frames","FR-R72Y-48","2012-07-01","2013-06-30","Yes"
"227","436","ML Road Frame-W - Yellow- 48",361,"Road","CO_RF","Components","Road Frames","FR-R72Y-48","2013-07-01","","Yes"
"228","437","HL Road Frame - Black- 62",722,"Road","CO_RF","Components","Road Frames","FR-R92B-62","2012-07-01","2013-06-30","Yes"
"229","438","HL Road Frame - Black- 62",869,"Road","CO_RF","Components","Road Frames","FR-R92B-62","2013-07-01","","Yes"
"230","439","HL Road Frame - Black- 44",722,"Road","CO_RF","Components","Road Frames","FR-R92B-44","2012-07-01","2013-06-30","Yes"
"231","440","HL Road Frame - Black- 44",869,"Road","CO_RF","Components","Road Frames","FR-R92B-44","2013-07-01","","Yes"
"232","441","HL Road Frame - Black- 48",722,"Road","CO_RF","Components","Road Frames","FR-R92B-48","2012-07-01","2013-06-30","Yes"
"233","442","HL Road Frame - Black- 48",869,"Road","CO_RF","Components","Road Frames","FR-R92B-48","2013-07-01","","Yes"
"234","443","HL Road Frame - Black- 52",722,"Road","CO_RF","Components","Road Frames","FR-R92B-52","2012-07-01","2013-06-30","Yes"
"235","444","HL Road Frame - Black- 52",869,"Road","CO_RF","Components","Road Frames","FR-R92B-52","2013-07-01","","Yes"
"236","445","Men's Sports Shorts- S",25,"other Sales","CL_SH","Clothing","Shorts","SH-M897-S","2012-07-01","","No"
"237","446","Touring-Panniers- Large",52,"Touring","AC_PA","Accessories","Panniers","PA-T100","2012-07-01","","No"
"238","447","Cable Lock",10,"other Sales","AC_LO","Accessories","Locks","LO-C100","2012-07-01","","Yes"
"239","448","Minipump",8,"other Sales","AC_PU","Accessories","Pumps","PU-0452","2012-07-01","","Yes"
"240","449","Mountain Pump",10,"Mountain","AC_PU","Accessories","Pumps","PU-M044","2012-07-01","","Yes"
"241","450","Taillights - Battery-Powered",6,"Road","AC_LI","Accessories","Lights","LT-T990","2012-07-01","","Yes"
"242","451","Headlights - Dual-Beam",14,"Road","AC_LI","Accessories","Lights","LT-H902","2012-07-01","","Yes"
"243","452","Headlights - Weatherproof",19,"Road","AC_LI","Accessories","Lights","LT-H903","2012-07-01","","Yes"
"244","453","Men's Sports Shorts- M",25,"other Sales","CL_SH","Clothing","Shorts","SH-M897-M","2012-07-01","","No"
"245","454","Men's Sports Shorts- L",25,"other Sales","CL_SH","Clothing","Shorts","SH-M897-L","2012-07-01","","No"
"246","455","Men's Sports Shorts- XL",25,"other Sales","CL_SH","Clothing","Shorts","SH-M897-X","2012-07-01","","No"
"247","456","Women's Tights- S",31,"other Sales","CL_TI","Clothing","Tights","TG-W091-S","2012-07-01","","No"
"248","457","Women's Tights- M",31,"other Sales","CL_TI","Clothing","Tights","TG-W091-M","2012-07-01","","No"
"249","458","Women's Tights- L",31,"other Sales","CL_TI","Clothing","Tights","TG-W091-L","2012-07-01","","No"
"250","459","Men's Bib-Shorts- S",37,"other Sales","CL_BS","Clothing","Bib-Shorts","SB-M891-S","2012-07-01","","No"
"251","460","Men's Bib-Shorts- M",37,"other Sales","CL_BS","Clothing","Bib-Shorts","SB-M891-M","2012-07-01","","No"
"252","461","Men's Bib-Shorts- L",37,"other Sales","CL_BS","Clothing","Bib-Shorts","SB-M891-L","2012-07-01","","No"
"253","462","Half-Finger Gloves- S",10,"other Sales","CL_GL","Clothing","Gloves","GL-H102-S","2012-07-01","2013-06-30","No"
"254","463","Half-Finger Gloves- S",9,"other Sales","CL_GL","Clothing","Gloves","GL-H102-S","2013-07-01","","No"
"255","464","Half-Finger Gloves- M",10,"other Sales","CL_GL","Clothing","Gloves","GL-H102-M","2012-07-01","2013-06-30","No"
"256","465","Half-Finger Gloves- M",9,"other Sales","CL_GL","Clothing","Gloves","GL-H102-M","2013-07-01","","No"
"257","466","Half-Finger Gloves- L",10,"other Sales","CL_GL","Clothing","Gloves","GL-H102-L","2012-07-01","2013-06-30","No"
"258","467","Half-Finger Gloves- L",9,"other Sales","CL_GL","Clothing","Gloves","GL-H102-L","2013-07-01","","No"
"259","468","Full-Finger Gloves- S",16,"Mountain","CL_GL","Clothing","Gloves","GL-F110-S","2012-07-01","","No"
"260","469","Full-Finger Gloves- M",16,"Mountain","CL_GL","Clothing","Gloves","GL-F110-M","2012-07-01","","No"
"261","470","Full-Finger Gloves- L",16,"Mountain","CL_GL","Clothing","Gloves","GL-F110-L","2012-07-01","","No"
"262","471","Classic Vest- S",24,"other Sales","CL_VE","Clothing","Vests","VE-C304-S","2013-07-01","","No"
"263","472","Classic Vest- M",24,"other Sales","CL_VE","Clothing","Vests","VE-C304-M","2013-07-01","","No"
"264","473","Classic Vest- L",24,"other Sales","CL_VE","Clothing","Vests","VE-C304-L","2013-07-01","","No"
"265","474","Women's Mountain Shorts- S",26,"Mountain","CL_SH","Clothing","Shorts","SH-W890-S","2013-07-01","","No"
"266","475","Women's Mountain Shorts- M",26,"Mountain","CL_SH","Clothing","Shorts","SH-W890-M","2013-07-01","","No"
"267","476","Women's Mountain Shorts- L",26,"Mountain","CL_SH","Clothing","Shorts","SH-W890-L","2013-07-01","","No"
"268","477","Water Bottle - 30 oz.",2,"other Sales","AC_BC","Accessories","Bottles and Cages","WB-H098","2013-07-01","","No"
"269","478","Mountain Bottle Cage",4,"Mountain","AC_BC","Accessories","Bottles and Cages","BC-M005","2013-07-01","","No"
"270","479","Road Bottle Cage",3,"Road","AC_BC","Accessories","Bottles and Cages","BC-R205","2013-07-01","","No"
"271","480","Patch Kit/8 Patches",1,"other Sales","AC_TT","Accessories","Tires and Tubes","PK-7098","2013-07-01","","Yes"
"272","481","Racing Socks- M",3,"Road","CL_SO","Clothing","Socks","SO-R809-M","2013-07-01","","No"
"273","482","Racing Socks- L",3,"Road","CL_SO","Clothing","Socks","SO-R809-L","2013-07-01","","No"
"274","483","Hitch Rack - 4-Bike",45,"other Sales","AC_BR","Accessories","Bike Racks","RA-H123","2013-07-01","","Yes"
"275","484","Bike Wash - Dissolver",3,"other Sales","AC_CL","Accessories","Cleaners","CL-9009","2013-07-01","","Yes"
"276","485","Fender Set - Mountain",8,"Mountain","AC_FE","Accessories","Fenders","FE-6654","2013-07-01","","No"
"277","486","All-Purpose Bike Stand",59,"Mountain","AC_BS","Accessories","Bike Stands","ST-1401","2013-07-01","","No"
"278","487","Hydration Pack - 70 oz.",21,"other Sales","AC_HP","Accessories","Hydration Packs","HY-1023-70","2013-07-01","","No"
"279","488","Short-Sleeve Classic Jersey- S",42,"other Sales","CL_JE","Clothing","Jerseys","SJ-0194-S","2013-07-01","","No"
"280","489","Short-Sleeve Classic Jersey- M",42,"other Sales","CL_JE","Clothing","Jerseys","SJ-0194-M","2013-07-01","","No"
"281","490","Short-Sleeve Classic Jersey- L",42,"other Sales","CL_JE","Clothing","Jerseys","SJ-0194-L","2013-07-01","","No"
"282","491","Short-Sleeve Classic Jersey- XL",42,"other Sales","CL_JE","Clothing","Jerseys","SJ-0194-X","2013-07-01","","No"
"283","492","HL Touring Frame - Yellow- 60",602,"Touring","CO_TF","Components","Touring Frames","FR-T98Y-60","2013-07-01","","Yes"
"284","493","LL Touring Frame - Yellow- 62",200,"Touring","CO_TF","Components","Touring Frames","FR-T67Y-62","2013-07-01","","Yes"
"285","494","HL Touring Frame - Yellow- 46",602,"Touring","CO_TF","Components","Touring Frames","FR-T98Y-46","2013-07-01","","Yes"
"286","495","HL Touring Frame - Yellow- 50",602,"Touring","CO_TF","Components","Touring Frames","FR-T98Y-50","2013-07-01","","Yes"
"287","496","HL Touring Frame - Yellow- 54",602,"Touring","CO_TF","Components","Touring Frames","FR-T98Y-54","2013-07-01","","Yes"
"288","497","HL Touring Frame - Blue- 46",602,"Touring","CO_TF","Components","Touring Frames","FR-T98U-46","2013-07-01","","Yes"
"289","498","HL Touring Frame - Blue- 50",602,"Touring","CO_TF","Components","Touring Frames","FR-T98U-50","2013-07-01","","Yes"
"290","499","HL Touring Frame - Blue- 54",602,"Touring","CO_TF","Components","Touring Frames","FR-T98U-54","2013-07-01","","Yes"
"291","500","HL Touring Frame - Blue- 60",602,"Touring","CO_TF","Components","Touring Frames","FR-T98U-60","2013-07-01","","Yes"
"292","501","Rear Derailleur",54,"Unkown","CO_DE","Components","Derailleurs","RD-2308","2013-07-01","","Yes"
"293","502","LL Touring Frame - Blue- 50",200,"Touring","CO_TF","Components","Touring Frames","FR-T67U-50","2013-07-01","","Yes"
"294","503","LL Touring Frame - Blue- 54",200,"Touring","CO_TF","Components","Touring Frames","FR-T67U-54","2013-07-01","","Yes"
"295","504","LL Touring Frame - Blue- 58",200,"Touring","CO_TF","Components","Touring Frames","FR-T67U-58","2013-07-01","","Yes"
"296","505","LL Touring Frame - Blue- 62",200,"Touring","CO_TF","Components","Touring Frames","FR-T67U-62","2013-07-01","","Yes"
"297","506","LL Touring Frame - Yellow- 44",200,"Touring","CO_TF","Components","Touring Frames","FR-T67Y-44","2013-07-01","","Yes"
"298","507","LL Touring Frame - Yellow- 50",200,"Touring","CO_TF","Components","Touring Frames","FR-T67Y-50","2013-07-01","","Yes"
"299","508","LL Touring Frame - Yellow- 54",200,"Touring","CO_TF","Components","Touring Frames","FR-T67Y-54","2013-07-01","","Yes"
"300","509","LL Touring Frame - Yellow- 58",200,"Touring","CO_TF","Components","Touring Frames","FR-T67Y-58","2013-07-01","","Yes"
"301","510","LL Touring Frame - Blue- 44",200,"Touring","CO_TF","Components","Touring Frames","FR-T67U-44","2013-07-01","","Yes"
"302","511","ML Mountain Frame-W - Silver- 40",199,"Mountain","CO_MF","Components","Mountain Frames","FR-M63S-40","2013-07-01","","Yes"
"303","512","ML Mountain Frame-W - Silver- 42",199,"Mountain","CO_MF","Components","Mountain Frames","FR-M63S-42","2013-07-01","","Yes"
"304","513","ML Mountain Frame-W - Silver- 46",199,"Mountain","CO_MF","Components","Mountain Frames","FR-M63S-46","2013-07-01","","Yes"
"305","514","Rear Brakes",47,"Unkown","CO_BR","Components","Brakes","RB-9231","2013-07-01","","Yes"
"306","515","LL Mountain Seat/Saddle",12,"Mountain","CO_SA","Components","Saddles","SE-M236","2013-07-01","","No"
"307","516","ML Mountain Seat/Saddle",17,"Mountain","CO_SA","Components","Saddles","SE-M798","2013-07-01","","No"
"308","517","HL Mountain Seat/Saddle",23,"Mountain","CO_SA","Components","Saddles","SE-M940","2013-07-01","","No"
"309","518","LL Road Seat/Saddle",12,"Road","CO_SA","Components","Saddles","SE-R581","2013-07-01","","No"
"310","519","ML Road Seat/Saddle",17,"Touring","CO_SA","Components","Saddles","SE-R908","2013-07-01","","No"
"311","520","HL Road Seat/Saddle",23,"Road","CO_SA","Components","Saddles","SE-R995","2013-07-01","","No"
"312","521","LL Touring Seat/Saddle",12,"Touring","CO_SA","Components","Saddles","SE-T312","2013-07-01","","No"
"313","522","ML Touring Seat/Saddle",17,"Touring","CO_SA","Components","Saddles","SE-T762","2013-07-01","","No"
"314","523","HL Touring Seat/Saddle",23,"Touring","CO_SA","Components","Saddles","SE-T924","2013-07-01","","No"
"315","524","LL Mountain Frame - Silver- 42",145,"Mountain","CO_MF","Components","Mountain Frames","FR-M21S-42","2013-07-01","","Yes"
"316","525","LL Mountain Frame - Silver- 44",145,"Mountain","CO_MF","Components","Mountain Frames","FR-M21S-44","2013-07-01","","Yes"
"317","526","LL Mountain Frame - Silver- 48",145,"Mountain","CO_MF","Components","Mountain Frames","FR-M21S-48","2013-07-01","","Yes"
"318","527","LL Mountain Frame - Silver- 52",145,"Mountain","CO_MF","Components","Mountain Frames","FR-M21S-52","2013-07-01","","Yes"
"319","528","Mountain Tire Tube",2,"Mountain","AC_TT","Accessories","Tires and Tubes","TT-M928","2013-07-01","","Yes"
"320","529","Road Tire Tube",1,"Road","AC_TT","Accessories","Tires and Tubes","TT-R982","2013-07-01","","Yes"
"321","530","Touring Tire Tube",2,"Touring","AC_TT","Accessories","Tires and Tubes","TT-T092","2013-07-01","","Yes"
"322","531","LL Mountain Frame - Black- 42",137,"Mountain","CO_MF","Components","Mountain Frames","FR-M21B-42","2013-07-01","","Yes"
"323","532","LL Mountain Frame - Black- 44",137,"Mountain","CO_MF","Components","Mountain Frames","FR-M21B-44","2013-07-01","","Yes"
"324","533","LL Mountain Frame - Black- 48",137,"Mountain","CO_MF","Components","Mountain Frames","FR-M21B-48","2013-07-01","","Yes"
"325","534","LL Mountain Frame - Black- 52",137,"Mountain","CO_MF","Components","Mountain Frames","FR-M21B-52","2013-07-01","","Yes"
"326","535","LL Mountain Tire",9,"Mountain","AC_TT","Accessories","Tires and Tubes","TI-M267","2013-07-01","","Yes"
"327","536","ML Mountain Tire",11,"Mountain","AC_TT","Accessories","Tires and Tubes","TI-M602","2013-07-01","","Yes"
"328","537","HL Mountain Tire",13,"Mountain","AC_TT","Accessories","Tires and Tubes","TI-M823","2013-07-01","","Yes"
"329","538","LL Road Tire",8,"Road","AC_TT","Accessories","Tires and Tubes","TI-R092","2013-07-01","","Yes"
"330","539","ML Road Tire",9,"Road","AC_TT","Accessories","Tires and Tubes","TI-R628","2013-07-01","","Yes"
"331","540","HL Road Tire",12,"Road","AC_TT","Accessories","Tires and Tubes","TI-R982","2013-07-01","","Yes"
"332","541","Touring Tire",11,"Touring","AC_TT","Accessories","Tires and Tubes","TI-T723","2013-07-01","","Yes"
"333","542","LL Mountain Pedal",18,"Mountain","CO_PE","","","PD-M282","2013-07-01","",""
"334","543","ML Mountain Pedal",28,"Mountain","CO_PE","","","PD-M340","2013-07-01","",""
"335","544","HL Mountain Pedal",36,"Mountain","CO_PE","","","PD-M562","2013-07-01","",""
"336","545","LL Road Pedal",18,"Road","CO_PE","","","PD-R347","2013-07-01","",""
"337","546","ML Road Pedal",28,"Road","CO_PE","","","PD-R563","2013-07-01","",""
"338","547","HL Road Pedal",36,"Road","CO_PE","","","PD-R853","2013-07-01","",""
"339","548","Touring Pedal",36,"Touring","CO_PE","","","PD-T852","2013-07-01","",""
"340","549","ML Mountain Frame-W - Silver- 38",199,"Mountain","CO_MF","Components","Mountain Frames","FR-M63S-38","2013-07-01","","Yes"
"341","550","LL Mountain Frame - Black- 40",137,"Mountain","CO_MF","Components","Mountain Frames","FR-M21B-40","2013-07-01","","Yes"
"342","551","LL Mountain Frame - Silver- 40",145,"Mountain","CO_MF","Components","Mountain Frames","FR-M21S-40","2013-07-01","","Yes"
"343","552","Front Derailleur",41,"Unkown","CO_DE","Components","Derailleurs","FD-2342","2013-07-01","","Yes"
"344","553","LL Touring Handlebars",20,"Touring","CO_HB","Components","Handlebars","HB-T721","2013-07-01","","No"
"345","554","HL Touring Handlebars",41,"Touring","CO_HB","Components","Handlebars","HB-T928","2013-07-01","","No"
"346","555","Front Brakes",47,"Unkown","CO_BR","Components","Brakes","FB-9873","2013-07-01","","Yes"
"347","556","LL Crankset",78,"Unkown","CO_CS","Components","Cranksets","CS-4759","2013-07-01","","Yes"
"348","557","ML Crankset",114,"Unkown","CO_CS","Components","Cranksets","CS-6583","2013-07-01","","Yes"
"349","558","HL Crankset",180,"Unkown","CO_CS","Components","Cranksets","CS-9183","2013-07-01","","Yes"
"350","559","Chain",9,"Unkown","CO_CH","Components","Chains","CH-0234","2013-07-01","","Yes"
"351","560","Touring-2000 Blue- 60",755,"Touring","BI_TB","Bikes","Touring Bikes","BK-T44U-60","2013-07-01","","Yes"
"352","561","Touring-1000 Yellow- 46",1482,"Touring","BI_TB","Bikes","Touring Bikes","BK-T79Y-46","2013-07-01","","Yes"
"353","562","Touring-1000 Yellow- 50",1482,"Touring","BI_TB","Bikes","Touring Bikes","BK-T79Y-50","2013-07-01","","Yes"
"354","563","Touring-1000 Yellow- 54",1482,"Touring","BI_TB","Bikes","Touring Bikes","BK-T79Y-54","2013-07-01","","Yes"
"355","564","Touring-1000 Yellow- 60",1482,"Touring","BI_TB","Bikes","Touring Bikes","BK-T79Y-60","2013-07-01","","Yes"
"356","565","Touring-3000 Blue- 54",461,"Touring","BI_TB","Bikes","Touring Bikes","BK-T18U-54","2013-07-01","","Yes"
"357","566","Touring-3000 Blue- 58",461,"Touring","BI_TB","Bikes","Touring Bikes","BK-T18U-58","2013-07-01","","Yes"
"358","567","Touring-3000 Blue- 62",461,"Touring","BI_TB","Bikes","Touring Bikes","BK-T18U-62","2013-07-01","","Yes"
"359","568","Touring-3000 Yellow- 44",461,"Touring","BI_TB","Bikes","Touring Bikes","BK-T18Y-44","2013-07-01","","Yes"
"360","569","Touring-3000 Yellow- 50",461,"Touring","BI_TB","Bikes","Touring Bikes","BK-T18Y-50","2013-07-01","","Yes"
"361","570","Touring-3000 Yellow- 54",461,"Touring","BI_TB","Bikes","Touring Bikes","BK-T18Y-54","2013-07-01","","Yes"
"362","571","Touring-3000 Yellow- 58",461,"Touring","BI_TB","Bikes","Touring Bikes","BK-T18Y-58","2013-07-01","","Yes"
"363","572","Touring-3000 Yellow- 62",461,"Touring","BI_TB","Bikes","Touring Bikes","BK-T18Y-62","2013-07-01","","Yes"
"364","573","Touring-1000 Blue- 46",1482,"Touring","BI_TB","Bikes","Touring Bikes","BK-T79U-46","2013-07-01","","Yes"
"365","574","Touring-1000 Blue- 50",1482,"Touring","BI_TB","Bikes","Touring Bikes","BK-T79U-50","2013-07-01","","Yes"
"366","575","Touring-1000 Blue- 54",1482,"Touring","BI_TB","Bikes","Touring Bikes","BK-T79U-54","2013-07-01","","Yes"
"367","576","Touring-1000 Blue- 60",1482,"Touring","BI_TB","Bikes","Touring Bikes","BK-T79U-60","2013-07-01","","Yes"
"368","577","Touring-2000 Blue- 46",755,"Touring","BI_TB","Bikes","Touring Bikes","BK-T44U-46","2013-07-01","","Yes"
"369","578","Touring-2000 Blue- 50",755,"Touring","BI_TB","Bikes","Touring Bikes","BK-T44U-50","2013-07-01","","Yes"
"370","579","Touring-2000 Blue- 54",755,"Touring","BI_TB","Bikes","Touring Bikes","BK-T44U-54","2013-07-01","","Yes"
"371","580","Road-350-W Yellow- 40",1083,"Road","BI_RB","Bikes","Road Bikes","BK-R79Y-40","2013-07-01","","Yes"
"372","581","Road-350-W Yellow- 42",1083,"Road","BI_RB","Bikes","Road Bikes","BK-R79Y-42","2013-07-01","","Yes"
"373","582","Road-350-W Yellow- 44",1083,"Road","BI_RB","Bikes","Road Bikes","BK-R79Y-44","2013-07-01","","Yes"
"374","583","Road-350-W Yellow- 48",1083,"Road","BI_RB","Bikes","Road Bikes","BK-R79Y-48","2013-07-01","","Yes"
"375","584","Road-750 Black- 58",344,"Road","BI_RB","Bikes","Road Bikes","BK-R19B-58","2013-07-01","","Yes"
"376","585","Touring-3000 Blue- 44",461,"Touring","BI_TB","Bikes","Touring Bikes","BK-T18U-44","2013-07-01","","Yes"
"377","586","Touring-3000 Blue- 50",461,"Touring","BI_TB","Bikes","Touring Bikes","BK-T18U-50","2013-07-01","","Yes"
"378","587","Mountain-400-W Silver- 38",420,"Mountain","BI_MB","Bikes","Mountain Bikes","BK-M38S-38","2013-07-01","","Yes"
"379","588","Mountain-400-W Silver- 40",420,"Mountain","BI_MB","Bikes","Mountain Bikes","BK-M38S-40","2013-07-01","","Yes"
"380","589","Mountain-400-W Silver- 42",420,"Mountain","BI_MB","Bikes","Mountain Bikes","BK-M38S-42","2013-07-01","","Yes"
"381","590","Mountain-400-W Silver- 46",420,"Mountain","BI_MB","Bikes","Mountain Bikes","BK-M38S-46","2013-07-01","","Yes"
"382","591","Mountain-500 Silver- 40",308,"Mountain","BI_MB","Bikes","Mountain Bikes","BK-M18S-40","2013-07-01","","Yes"
"383","592","Mountain-500 Silver- 42",308,"Mountain","BI_MB","Bikes","Mountain Bikes","BK-M18S-42","2013-07-01","","Yes"
"384","593","Mountain-500 Silver- 44",308,"Mountain","BI_MB","Bikes","Mountain Bikes","BK-M18S-44","2013-07-01","","Yes"
"385","594","Mountain-500 Silver- 48",308,"Mountain","BI_MB","Bikes","Mountain Bikes","BK-M18S-48","2013-07-01","","Yes"
"386","595","Mountain-500 Silver- 52",308,"Mountain","BI_MB","Bikes","Mountain Bikes","BK-M18S-52","2013-07-01","","Yes"
"387","596","Mountain-500 Black- 40",295,"Mountain","BI_MB","Bikes","Mountain Bikes","BK-M18B-40","2013-07-01","","Yes"
"388","597","Mountain-500 Black- 42",295,"Mountain","BI_MB","Bikes","Mountain Bikes","BK-M18B-42","2013-07-01","","Yes"
"389","598","Mountain-500 Black- 44",295,"Mountain","BI_MB","Bikes","Mountain Bikes","BK-M18B-44","2013-07-01","","Yes"
"390","599","Mountain-500 Black- 48",295,"Mountain","BI_MB","Bikes","Mountain Bikes","BK-M18B-48","2013-07-01","","Yes"
"391","600","Mountain-500 Black- 52",295,"Mountain","BI_MB","Bikes","Mountain Bikes","BK-M18B-52","2013-07-01","","Yes"
"392","601","LL Bottom Bracket",24,"Unkown","CO_BB","Components","Bottom Brackets","BB-7421","2013-07-01","","Yes"
"393","602","ML Bottom Bracket",45,"Unkown","CO_BB","Components","Bottom Brackets","BB-8107","2013-07-01","","Yes"
"394","603","HL Bottom Bracket",54,"Unkown","CO_BB","Components","Bottom Brackets","BB-9108","2013-07-01","","Yes"
"395","604","Road-750 Black- 44",344,"Road","BI_RB","Bikes","Road Bikes","BK-R19B-44","2013-07-01","","Yes"
"396","605","Road-750 Black- 48",344,"Road","BI_RB","Bikes","Road Bikes","BK-R19B-48","2013-07-01","","Yes"
"397","606","Road-750 Black- 52",344,"Road","BI_RB","Bikes","Road Bikes","BK-R19B-52","2013-07-01","","Yes"
